setup,t_w,subject,acc_fb,itr_fb,acc_ph,itr_ph,acc_diff,itr_diff
All9,0.25,1,0.0625,1.9937156013701594,0.04583333333333333,0.6975581423253215,-0.01666666666666667,-1.2961574590448377
All9,0.25,2,0.05,0.9707211136362424,0.0625,1.9937156013701594,0.012499999999999997,1.022994487733917
All9,0.25,3,0.09166666666666666,5.326683855714293,0.09583333333333334,5.8919271807803035,0.00416666666666668,0.5652433250660103
All9,0.25,4,0.09583333333333334,5.8919271807803035,0.10833333333333334,7.701767626942494,0.012499999999999997,1.8098404461621902
All9,0.25,5,0.07083333333333333,2.823553652844113,0.08333333333333333,4.257924311910252,0.012499999999999997,1.4343706590661394
All9,0.25,6,0.03333333333333333,0.12563930350495411,0.04583333333333333,0.6975581423253215,0.012499999999999997,0.5719188388203674
All9,0.25,7,0.05416666666666667,1.279471656197856,0.05,0.9707211136362424,-0.004166666666666666,-0.3087505425616137
All9,0.25,8,0.020833333333333332,0.0,0.0375,0.2709103510767563,0.016666666666666666,0.2709103510767563
All9,0.25,9,0.0625,1.9937156013701594,0.06666666666666667,2.3950576805287227,0.004166666666666666,0.40134207915856335
All9,0.25,10,0.075,3.27771898741255,0.0625,1.9937156013701594,-0.012499999999999997,-1.2840033860423907
All9,0.25,11,0.029166666666666667,0.03290421091831679,0.025,0.0,-0.004166666666666666,-0.03290421091831679
All9,0.25,12,0.0375,0.2709103510767563,0.04583333333333333,0.6975581423253215,0.008333333333333331,0.4266477912485652
All9,0.25,13,0.05,0.9707211136362424,0.041666666666666664,0.46305678502398384,-0.008333333333333338,-0.5076643286122585
All9,0.25,14,0.08333333333333333,4.257924311910252,0.1,6.4766632127229515,0.016666666666666677,2.218738900812699
All9,0.25,15,0.03333333333333333,0.12563930350495411,0.029166666666666667,0.03290421091831679,-0.004166666666666666,-0.09273509258663733
All9,0.25,16,0.0375,0.2709103510767563,0.03333333333333333,0.12563930350495411,-0.004166666666666666,-0.1452710475718022
All9,0.25,17,0.05,0.9707211136362424,0.0375,0.2709103510767563,-0.012500000000000004,-0.699810762559486
All9,0.25,18,0.041666666666666664,0.46305678502398384,0.06666666666666667,2.3950576805287227,0.025,1.9320008955047387
All9,0.25,19,0.0375,0.2709103510767563,0.029166666666666667,0.03290421091831679,-0.008333333333333331,-0.23800614015843952
All9,0.25,20,0.041666666666666664,0.46305678502398384,0.05,0.9707211136362424,0.008333333333333338,0.5076643286122585
All9,0.25,21,0.03333333333333333,0.12563930350495411,0.041666666666666664,0.46305678502398384,0.008333333333333331,0.3374174815190297
All9,0.25,22,0.09583333333333334,5.8919271807803035,0.09166666666666666,5.326683855714293,-0.00416666666666668,-0.5652433250660103
All9,0.25,23,0.07083333333333333,2.823553652844113,0.05416666666666667,1.279471656197856,-0.016666666666666663,-1.544081996646257
All9,0.25,24,0.04583333333333333,0.6975581423253215,0.07916666666666666,3.7562353481180457,0.03333333333333333,3.058677205792724
All9,0.25,25,0.029166666666666667,0.03290421091831679,0.04583333333333333,0.6975581423253215,0.016666666666666663,0.6646539314070048
All9,0.25,26,0.05,0.9707211136362424,0.05416666666666667,1.279471656197856,0.004166666666666666,0.3087505425616137
All9,0.25,27,0.04583333333333333,0.6975581423253215,0.0625,1.9937156013701594,0.01666666666666667,1.2961574590448377
All9,0.25,28,0.0625,1.9937156013701594,0.10833333333333334,7.701767626942494,0.04583333333333334,5.708052025572334
All9,0.25,29,0.0625,1.9937156013701594,0.029166666666666667,0.03290421091831679,-0.03333333333333333,-1.9608113904518425
All9,0.25,30,0.03333333333333333,0.12563930350495411,0.041666666666666664,0.46305678502398384,0.008333333333333331,0.3374174815190297
All9,0.25,31,0.09583333333333334,5.8919271807803035,0.09583333333333334,5.8919271807803035,0.0,0.0
All9,0.25,32,0.07083333333333333,2.823553652844113,0.0625,1.9937156013701594,-0.008333333333333331,-0.8298380514739536
All9,0.25,33,0.03333333333333333,0.12563930350495411,0.0375,0.2709103510767563,0.004166666666666666,0.1452710475718022
All9,0.25,34,0.058333333333333334,1.6212114546891792,0.05416666666666667,1.279471656197856,-0.004166666666666666,-0.3417397984913231
All9,0.25,35,0.05,0.9707211136362424,0.05416666666666667,1.279471656197856,0.004166666666666666,0.3087505425616137
All9,0.5,1,0.2375,26.365832234320433,0.2791666666666667,34.61690243543374,0.041666666666666685,8.251070201113304
All9,0.5,2,0.2625,31.23412820909869,0.25416666666666665,29.58333429215309,-0.00833333333333336,-1.6507939169455987
All9,0.5,3,0.4875,84.92686036290587,0.5583333333333333,105.12541323082561,0.07083333333333336,20.198552867919744
All9,0.5,4,0.44166666666666665,72.67118907991707,0.49583333333333335,87.22392475624159,0.054166666666666696,14.552735676324517
All9,0.5,5,0.2916666666666667,37.22300283988978,0.2708333333333333,32.91216314551233,-0.02083333333333337,-4.310839694377449
All9,0.5,6,0.225,24.02887085558452,0.2125,21.759976114097974,-0.012500000000000011,-2.2688947414865446
All9,0.5,7,0.17083333333333334,14.728484638347082,0.175,15.392391014181607,0.004166666666666652,0.6639063758345252
All9,0.5,8,0.125,8.086142641226283,0.10833333333333334,6.012783498227034,-0.016666666666666663,-2.0733591429992497
All9,0.5,9,0.19583333333333333,18.84567013335462,0.21666666666666667,22.50854213586678,0.020833333333333343,3.6628720025121595
All9,0.5,10,0.17916666666666667,16.065428858806136,0.22083333333333333,23.26487565581577,0.04166666666666666,7.199446797009635
All9,0.5,11,0.0625,1.5564972677363522,0.075,2.558920963857166,0.012499999999999997,1.002423696120814
All9,0.5,12,0.15833333333333333,12.793358913041084,0.20416666666666666,20.286593101032054,0.04583333333333334,7.49323418799097
All9,0.5,13,0.12916666666666668,8.635543927984752,0.10833333333333334,6.012783498227034,-0.020833333333333343,-2.6227604297577187
All9,0.5,14,0.275,33.76122673250614,0.3625,53.039229037678446,0.08749999999999997,19.278002305172308
All9,0.5,15,0.14166666666666666,10.352848233235509,0.15416666666666667,12.167832262006169,0.012500000000000011,1.8149840287706596
All9,0.5,16,0.07916666666666666,2.9324995261623337,0.0875,3.73310215506603,0.008333333333333331,0.8006026289036963
All9,0.5,17,0.1125,6.511719051706309,0.1125,6.511719051706309,0.0,0.0
All9,0.5,18,0.22916666666666666,24.800426266837853,0.31666666666666665,42.60615256855089,0.0875,17.805726301713037
All9,0.5,19,0.0375,0.2115001863669413,0.058333333333333334,1.2656826269064643,0.020833333333333336,1.054182440539523
All9,0.5,20,0.175,15.392391014181607,0.17083333333333334,14.728484638347082,-0.004166666666666652,-0.6639063758345252
All9,0.5,21,0.0625,1.5564972677363522,0.08333333333333333,3.324168980350986,0.02083333333333333,1.7676717126146337
All9,0.5,22,0.3375,47.26015069116058,0.30833333333333335,40.78691363068446,-0.029166666666666674,-6.473237060476123
All9,0.5,23,0.30416666666666664,39.886543622441934,0.3,38.992402234373515,-0.004166666666666652,-0.8941413880684195
All9,0.5,24,0.24166666666666667,27.159499611306025,0.3125,41.693465099211025,0.07083333333333333,14.533965487905
All9,0.5,25,0.2125,21.759976114097974,0.3375,47.26015069116058,0.12500000000000003,25.50017457706261
All9,0.5,26,0.2625,31.23412820909869,0.3541666666666667,51.08972988870299,0.09166666666666667,19.855601679604302
All9,0.5,27,0.24166666666666667,27.159499611306025,0.24166666666666667,27.159499611306025,0.0,0.0
All9,0.5,28,0.26666666666666666,32.069775041081364,0.2791666666666667,34.61690243543374,0.012500000000000011,2.5471273943523727
All9,0.5,29,0.15,11.552416007265835,0.12916666666666668,8.635543927984752,-0.020833333333333315,-2.9168720792810827
All9,0.5,30,0.125,8.086142641226283,0.10833333333333334,6.012783498227034,-0.016666666666666663,-2.0733591429992497
All9,0.5,31,0.3458333333333333,49.163285491958305,0.3875,59.023788986439584,0.041666666666666685,9.860503494481279
All9,0.5,32,0.29583333333333334,38.10453838941321,0.32083333333333336,43.52493222051514,0.025000000000000022,5.420393831101933
All9,0.5,33,0.07916666666666666,2.9324995261623337,0.06666666666666667,1.8698257330443535,-0.012499999999999997,-1.0626737931179802
All9,0.5,34,0.26666666666666666,32.069775041081364,0.30416666666666664,39.886543622441934,0.03749999999999998,7.81676858136057
All9,0.5,35,0.0625,1.5564972677363522,0.08333333333333333,3.324168980350986,0.02083333333333333,1.7676717126146337
All9,0.75,1,0.5208333333333334,77.29175109696547,0.5125,75.35591664892524,-0.008333333333333415,-1.9358344480402252
All9,0.75,2,0.5916666666666667,94.45058238693838,0.5416666666666666,82.20721941249761,-0.050000000000000044,-12.243362974440771
All9,0.75,3,0.8666666666666667,174.85028600659675,0.8833333333333333,180.67316760499833,0.016666666666666607,5.82288159840158
All9,0.75,4,0.7291666666666666,131.5600194277668,0.8166666666666667,158.22831346467723,0.08750000000000002,26.668294036910424
All9,0.75,5,0.5583333333333333,86.21796480801525,0.6041666666666666,97.6113111292472,0.04583333333333328,11.393346321231945
All9,0.75,6,0.375,45.93313835281262,0.39166666666666666,49.24208876388751,0.016666666666666663,3.308950411074889
All9,0.75,7,0.4375,58.71323475491441,0.4375,58.71323475491441,0.0,0.0
All9,0.75,8,0.24166666666666667,22.27469752294163,0.25416666666666665,24.262590714427713,0.012499999999999983,1.9878931914860836
All9,0.75,9,0.4083333333333333,52.62365835277672,0.44583333333333336,60.49281226345765,0.03750000000000003,7.869153910680929
All9,0.75,10,0.42916666666666664,56.95123120652127,0.475,66.85882234281462,0.04583333333333334,9.907591136293348
All9,0.75,11,0.12916666666666668,7.082388545253681,0.09583333333333334,3.7725289143125678,-0.03333333333333334,-3.3098596309411135
All9,0.75,12,0.5625,87.23159205093371,0.6458333333333334,108.44376323971994,0.08333333333333337,21.21217118878623
All9,0.75,13,0.3625,43.499799354642754,0.31666666666666665,34.94317548787627,-0.04583333333333334,-8.556623866766486
All9,0.75,14,0.49583333333333335,71.536168505119,0.6875,119.74971232913752,0.19166666666666665,48.21354382401853
All9,0.75,15,0.25416666666666665,24.262590714427713,0.2375,21.623776077068555,-0.016666666666666663,-2.6388146373591574
All9,0.75,16,0.22916666666666666,20.339917945464137,0.26666666666666666,26.30182988980774,0.037500000000000006,5.961911944343601
All9,0.75,17,0.25,23.594171494167348,0.23333333333333334,20.97882501906207,-0.016666666666666663,-2.6153464751052766
All9,0.75,18,0.45,61.38916923130864,0.5458333333333333,83.2033565778828,0.09583333333333327,21.81418734657416
All9,0.75,19,0.08333333333333333,2.726296861582823,0.08333333333333333,2.726296861582823,0.0,0.0
All9,0.75,20,0.3958333333333333,50.080715635881674,0.4625,64.10442278923635,0.06666666666666671,14.023707153354678
All9,0.75,21,0.17916666666666667,13.1759632367187,0.1875,14.301864687912529,0.008333333333333331,1.1259014511938297
All9,0.75,22,0.6708333333333333,115.1687987444693,0.6458333333333334,108.44376323971994,-0.02499999999999991,-6.725035504749357
All9,0.75,23,0.6375,106.24018540588523,0.5916666666666667,94.45058238693838,-0.04583333333333328,-11.789603018946849
All9,0.75,24,0.5041666666666667,73.43739232485362,0.5541666666666667,85.20872192000772,0.050000000000000044,11.7713295951541
All9,0.75,25,0.5041666666666667,73.43739232485362,0.6875,119.74971232913752,0.18333333333333335,46.312320004283904
All9,0.75,26,0.5416666666666666,82.20721941249761,0.7416666666666667,135.20769500242233,0.20000000000000007,53.00047558992472
All9,0.75,27,0.5208333333333334,77.29175109696547,0.5666666666666667,88.24961261905906,0.04583333333333328,10.957861522093594
All9,0.75,28,0.6,96.55323508868177,0.5875,93.40597594166748,-0.012499999999999956,-3.147259147014296
All9,0.75,29,0.26666666666666666,26.30182988980774,0.2125,17.846311345375312,-0.05416666666666667,-8.455518544432426
All9,0.75,30,0.35,41.108572543226316,0.37916666666666665,46.75350557974659,0.029166666666666674,5.644933036520271
All9,0.75,31,0.7375,133.9862369755011,0.7916666666666666,150.3245079056522,0.054166666666666585,16.33827093015111
All9,0.75,32,0.675,116.30660077234386,0.7375,133.9862369755011,0.0625,17.679636203157244
All9,0.75,33,0.14166666666666666,8.490825169703943,0.14583333333333334,8.978394056088465,0.00416666666666668,0.48756888638452267
All9,0.75,34,0.5541666666666667,85.20872192000772,0.6666666666666666,114.03589300196215,0.11249999999999993,28.827171081954432
All9,0.75,35,0.2708333333333333,26.99270934236263,0.3375,38.760123588433856,0.06666666666666671,11.767414246071226
All9,1.0,1,0.6833333333333333,100.5182089897058,0.7208333333333333,109.46733388795369,0.03749999999999998,8.949124898247888
All9,1.0,2,0.7708333333333334,121.98052320562086,0.7666666666666667,120.91063279273672,-0.004166666666666652,-1.069890412884135
All9,1.0,3,0.9583333333333334,177.50563571713113,0.9666666666666667,180.54533124171056,0.008333333333333304,3.039695524579429
All9,1.0,4,0.8916666666666667,155.6515106551857,0.9333333333333333,168.8856809246997,0.04166666666666663,13.23417026951401
All9,1.0,5,0.8083333333333333,131.8517437686257,0.8125,132.9769360509346,0.004166666666666652,1.1251922823088876
All9,1.0,6,0.6333333333333333,89.11715991624267,0.6083333333333333,83.63215379695909,-0.025000000000000022,-5.485006119283582
All9,1.0,7,0.6458333333333334,91.91270177025045,0.675,98.57693602046218,0.029166666666666674,6.664234250211734
All9,1.0,8,0.44166666666666665,50.51533875067406,0.4875,59.03452488641018,0.04583333333333334,8.51918613573612
All9,1.0,9,0.6791666666666667,99.5454697786132,0.675,98.57693602046218,-0.004166666666666652,-0.9685337581510112
All9,1.0,10,0.6708333333333333,97.61257942366606,0.6791666666666667,99.5454697786132,0.008333333333333415,1.9328903549471335
All9,1.0,11,0.1625,9.334638764969966,0.1625,9.334638764969966,0.0,0.0
All9,1.0,12,0.8208333333333333,135.24547214953387,0.8875,154.3869285951462,0.06666666666666665,19.141456445612334
All9,1.0,13,0.6333333333333333,89.11715991624267,0.5416666666666666,69.67563108742176,-0.09166666666666667,-19.441528828820907
All9,1.0,14,0.7333333333333333,112.53097907010715,0.8666666666666667,148.19627899339605,0.13333333333333341,35.6652999232889
All9,1.0,15,0.4166666666666667,46.057611362191416,0.4041666666666667,43.87951667394543,-0.012500000000000011,-2.1780946882459844
All9,1.0,16,0.31666666666666665,29.61647190740733,0.37916666666666665,39.6264468023462,0.0625,10.009974894938871
All9,1.0,17,0.4166666666666667,46.057611362191416,0.4125,45.32779467125864,-0.004166666666666707,-0.729816690932779
All9,1.0,18,0.6375,90.04503519157346,0.6875,101.49518301067145,0.050000000000000044,11.450147819097992
All9,1.0,19,0.15416666666666667,8.45812730407746,0.1625,9.334638764969966,0.008333333333333331,0.8765114608925071
All9,1.0,20,0.6625,95.69628966813227,0.6916666666666667,102.4764223004951,0.029166666666666674,6.780132632362836
All9,1.0,21,0.375,38.931135555127774,0.375,38.931135555127774,0.0,0.0
All9,1.0,22,0.8916666666666667,155.6515106551857,0.8708333333333333,149.41763342516623,-0.02083333333333337,-6.233877230019459
All9,1.0,23,0.8541666666666666,144.57900124366375,0.825,136.38903188524066,-0.029166666666666674,-8.189969358423099
All9,1.0,24,0.7333333333333333,112.53097907010715,0.7916666666666666,127.4091865785711,0.05833333333333335,14.878207508463944
All9,1.0,25,0.7458333333333333,115.63680887164077,0.8916666666666667,155.6515106551857,0.14583333333333337,40.01470178354492
All9,1.0,26,0.7875,126.31265202488977,0.8875,154.3869285951462,0.09999999999999998,28.07427657025643
All9,1.0,27,0.8083333333333333,131.8517437686257,0.8125,132.9769360509346,0.004166666666666652,1.1251922823088876
All9,1.0,28,0.825,136.38903188524066,0.825,136.38903188524066,0.0,0.0
All9,1.0,29,0.3375,32.85156816336772,0.3333333333333333,32.19624810700149,-0.004166666666666707,-0.6553200563662358
All9,1.0,30,0.6208333333333333,86.35713715204292,0.6375,90.04503519157346,0.016666666666666607,3.6878980395305376
All9,1.0,31,0.8916666666666667,155.6515106551857,0.9166666666666666,163.4510143784832,0.02499999999999991,7.799503723297505
All9,1.0,32,0.8708333333333333,149.41763342516623,0.9125,162.12386968930278,0.04166666666666663,12.70623626413655
All9,1.0,33,0.2708333333333333,22.877967064563453,0.2375,18.32746874824713,-0.033333333333333326,-4.550498316316322
All9,1.0,34,0.7958333333333333,128.5112773809673,0.8583333333333333,145.7771599981495,0.0625,17.2658826171822
All9,1.0,35,0.5,61.43513361425262,0.6208333333333333,86.35713715204292,0.12083333333333335,24.922003537790303
All9,1.25,1,0.8333333333333334,120.34937471202011,0.8458333333333333,123.39445548225943,0.012499999999999956,3.0450807702393234
All9,1.25,2,0.85,124.42150658227379,0.8666666666666667,128.59359658686216,0.01666666666666672,4.1720900045883695
All9,1.25,3,0.9958333333333333,167.0146514173888,0.9958333333333333,167.0146514173888,0.0,0.0
All9,1.25,4,0.8958333333333334,136.16822906897733,0.9458333333333333,150.21573993817262,0.04999999999999993,14.047510869195293
All9,1.25,5,0.9666666666666667,156.66367367005572,0.9666666666666667,156.66367367005572,0.0,0.0
All9,1.25,6,0.8,112.47363670563652,0.7916666666666666,110.55611957082358,-0.008333333333333415,-1.9175171348129396
All9,1.25,7,0.7625,103.99323737634184,0.7666666666666667,104.91716284660751,0.004166666666666763,0.9239254702656723
All9,1.25,8,0.55,61.92770293369977,0.5541666666666667,62.66673199407975,0.004166666666666652,0.739029060379977
All9,1.25,9,0.7875,109.60462927027471,0.7958333333333333,111.51243116655364,0.008333333333333304,1.9078018962789258
All9,1.25,10,0.8041666666666667,113.43981213782874,0.7958333333333333,111.51243116655364,-0.008333333333333415,-1.9273809712750989
All9,1.25,11,0.2833333333333333,21.400109682063476,0.3,23.519226744542753,0.016666666666666663,2.119117062479276
All9,1.25,12,0.9416666666666667,148.97841047321293,0.9833333333333333,162.271316217046,0.04166666666666663,13.292905743833074
All9,1.25,13,0.7625,103.99323737634184,0.75,101.24760049881485,-0.012499999999999956,-2.745636877526991
All9,1.25,14,0.875,130.72026585174555,0.925,144.16544077289512,0.050000000000000044,13.445174921149572
All9,1.25,15,0.5458333333333333,61.19188658373391,0.575,66.41028219834034,0.029166666666666674,5.218395614606429
All9,1.25,16,0.4666666666666667,47.81762792103261,0.49583333333333335,52.61125620217746,0.029166666666666674,4.793628281144848
All9,1.25,17,0.575,66.41028219834034,0.5375,59.72987177879291,-0.03749999999999998,-6.680410419547428
All9,1.25,18,0.675,85.53765876907829,0.725,95.86966052081358,0.04999999999999993,10.332001751735291
All9,1.25,19,0.24583333333333332,16.864979323712202,0.25,17.352327183541064,0.00416666666666668,0.4873478598288621
All9,1.25,20,0.8208333333333333,117.35585943134156,0.8541666666666666,125.45479472995162,0.033333333333333326,8.098935298610058
All9,1.25,21,0.5833333333333334,67.93042583207216,0.575,66.41028219834034,-0.008333333333333415,-1.52014363373182
All9,1.25,22,0.975,159.40101929902016,0.9708333333333333,158.0182593192774,-0.004166666666666652,-1.382759979742758
All9,1.25,23,0.9125,140.67891338119395,0.9083333333333333,139.53727902425177,-0.004166666666666652,-1.141634356942177
All9,1.25,24,0.8583333333333333,126.49446687670114,0.9,137.28229458450338,0.04166666666666674,10.787827707802236
All9,1.25,25,0.9,137.28229458450338,0.95,151.46860402629503,0.04999999999999993,14.18630944179165
All9,1.25,26,0.9291666666666667,145.34982911240056,0.975,159.40101929902016,0.04583333333333328,14.051190186619607
All9,1.25,27,0.9083333333333333,139.53727902425177,0.9166666666666666,141.83050983106477,0.008333333333333304,2.293230806813
All9,1.25,28,0.9291666666666667,145.34982911240056,0.9416666666666667,148.97841047321293,0.012499999999999956,3.628581360812376
All9,1.25,29,0.5333333333333333,59.00366436306909,0.44583333333333336,44.48942277577044,-0.08749999999999997,-14.514241587298649
All9,1.25,30,0.7541666666666667,102.15850719424058,0.7708333333333334,105.84553336360752,0.01666666666666672,3.6870261693669306
All9,1.25,31,0.9458333333333333,150.21573993817262,0.9583333333333334,154.02605427306614,0.012500000000000067,3.810314334893519
All9,1.25,32,0.9291666666666667,145.34982911240056,0.9458333333333333,150.21573993817262,0.016666666666666607,4.865910825772062
All9,1.25,33,0.3416666666666667,29.07831638060217,0.3375,28.506122639112732,-0.004166666666666652,-0.5721937414894391
All9,1.25,34,0.9208333333333333,142.99251931871353,0.9375,147.75556792353836,0.01666666666666672,4.7630486048248315
All9,1.25,35,0.6708333333333333,84.70086256868377,0.775,106.77840528985216,0.10416666666666674,22.077542721168385
All9,1.5,1,0.9208333333333333,126.28778575344326,0.9041666666666667,122.23636579706239,-0.016666666666666607,-4.051419956380869
All9,1.5,2,0.9333333333333333,129.426409680611,0.9291666666666667,128.36970888898927,-0.004166666666666652,-1.0567007916217221
All9,1.5,3,0.9916666666666667,146.02860082435615,0.9916666666666667,146.02860082435615,0.0,0.0
All9,1.5,4,0.9333333333333333,129.426409680611,0.9583333333333334,136.03235634396964,0.025000000000000022,6.605946663358651
All9,1.5,5,0.9833333333333333,143.31438675243783,0.9791666666666666,142.02956911796997,-0.004166666666666652,-1.2848176344678564
All9,1.5,6,0.9125,124.24446088339091,0.9125,124.24446088339091,0.0,0.0
All9,1.5,7,0.8416666666666667,108.07753277299953,0.8458333333333333,108.97921535582726,0.004166666666666652,0.901682582827732
All9,1.5,8,0.6416666666666667,69.72059639908464,0.6541666666666667,71.88134883634768,0.012499999999999956,2.1607524372630422
All9,1.5,9,0.8375,107.18112029835132,0.85,109.88628385069975,0.012499999999999956,2.705163552348438
All9,1.5,10,0.9,121.24464334799598,0.8916666666666667,119.28433526846005,-0.008333333333333304,-1.9603080795359205
All9,1.5,11,0.35,26.701362539759153,0.3458333333333333,26.189787598519843,-0.004166666666666652,-0.51157494123931
All9,1.5,12,0.9958333333333333,147.50359400881533,1.0,149.2129372398326,0.004166666666666652,1.7093432310172716
All9,1.5,13,0.8666666666666667,113.57098016316331,0.8458333333333333,108.97921535582726,-0.02083333333333337,-4.591764807336048
All9,1.5,14,0.9291666666666667,128.36970888898927,0.9583333333333334,136.03235634396964,0.029166666666666674,7.662647454980373
All9,1.5,15,0.65,71.15801671710518,0.675,75.54494162315792,0.025000000000000022,4.386924906052741
All9,1.5,16,0.5666666666666667,57.32101006565052,0.55,54.69315819845447,-0.016666666666666607,-2.62785186719605
All9,1.5,17,0.7125,82.3431325103516,0.7083333333333334,81.57442930328531,-0.004166666666666652,-0.7687032070662809
All9,1.5,18,0.7208333333333333,83.89085400759068,0.7333333333333333,86.23869424064286,0.012499999999999956,2.3478402330521817
All9,1.5,19,0.4083333333333333,34.1807874347475,0.37916666666666665,30.367931194321383,-0.029166666666666674,-3.812856240426118
All9,1.5,20,0.9083333333333333,123.23619502609152,0.9208333333333333,126.28778575344326,0.012499999999999956,3.051590727351737
All9,1.5,21,0.6416666666666667,69.72059639908464,0.6458333333333334,70.43777145009848,0.004166666666666652,0.7171750510138395
All9,1.5,22,0.9916666666666667,146.02860082435615,0.9833333333333333,143.31438675243783,-0.008333333333333415,-2.7142140719183203
All9,1.5,23,0.95,133.77367364939138,0.9458333333333333,132.6671721883861,-0.004166666666666652,-1.10650146100528
All9,1.5,24,0.9208333333333333,126.28778575344326,0.9333333333333333,129.426409680611,0.012500000000000067,3.1386239271677283
All9,1.5,25,0.9583333333333334,136.03235634396964,0.9833333333333333,143.31438675243783,0.02499999999999991,7.282030408468188
All9,1.5,26,0.9708333333333333,139.55818229599734,0.9791666666666666,142.02956911796997,0.008333333333333304,2.4713868219726294
All9,1.5,27,0.9541666666666667,134.89497554890752,0.9541666666666667,134.89497554890752,0.0,0.0
All9,1.5,28,0.9625,137.1873520370622,0.9541666666666667,134.89497554890752,-0.008333333333333304,-2.292376488154673
All9,1.5,29,0.6291666666666667,67.58733567082697,0.5958333333333333,62.03015554307775,-0.033333333333333326,-5.557180127749227
All9,1.5,30,0.8541666666666666,110.79886076617223,0.8208333333333333,103.64606276880166,-0.033333333333333326,-7.15279799737057
All9,1.5,31,0.9916666666666667,146.02860082435615,0.9875,144.64250358193772,-0.004166666666666652,-1.3860972424184297
All9,1.5,32,0.975,140.77940489492903,0.9833333333333333,143.31438675243783,0.008333333333333304,2.5349818575087966
All9,1.5,33,0.4625,41.63791947525166,0.45416666666666666,40.45932403715642,-0.00833333333333336,-1.1785954380952361
All9,1.5,34,0.975,140.77940489492903,0.9791666666666666,142.02956911796997,0.004166666666666652,1.2501642230409402
All9,1.5,35,0.7583333333333333,91.03238240262546,0.85,109.88628385069975,0.09166666666666667,18.853901448074296
All9,1.75,1,0.9375,116.84436124497385,0.9416666666666667,117.81137899346129,0.004166666666666652,0.9670177484874358
All9,1.75,2,0.9583333333333334,121.80303036656694,0.95,119.78061155217472,-0.008333333333333415,-2.022418814392225
All9,1.75,3,0.9875,129.51253458801116,0.9875,129.51253458801116,0.0,0.0
All9,1.75,4,0.9791666666666666,127.17291962864256,0.9875,129.51253458801116,0.008333333333333415,2.3396149593686033
All9,1.75,5,0.9958333333333333,132.0743477735836,0.9958333333333333,132.0743477735836,0.0,0.0
All9,1.75,6,0.9666666666666667,123.888846542429,0.9791666666666666,127.17291962864256,0.012499999999999956,3.284073086213567
All9,1.75,7,0.8958333333333334,107.6811518578942,0.8916666666666667,106.80689434079686,-0.004166666666666652,-0.8742575170973481
All9,1.75,8,0.7458333333333333,79.3491073428832,0.7583333333333333,81.51016667013326,0.012499999999999956,2.161059327250058
All9,1.75,9,0.8875,105.93914765524676,0.8958333333333334,107.6811518578942,0.008333333333333415,1.7420042026474505
All9,1.75,10,0.95,119.78061155217472,0.9708333333333333,124.96004607256664,0.02083333333333337,5.179434520391922
All9,1.75,11,0.4708333333333333,38.34791799209188,0.475,38.88441968891729,0.004166666666666652,0.536501696825411
All9,1.75,12,0.9916666666666667,130.75364257913063,1.0,133.60488941139823,0.008333333333333304,2.8512468322676057
All9,1.75,13,0.9458333333333333,118.78985292181852,0.9291666666666667,114.9419150721494,-0.016666666666666607,-3.8479378496691226
All9,1.75,14,0.9375,116.84436124497385,0.9583333333333334,121.80303036656694,0.02083333333333337,4.95866912159309
All9,1.75,15,0.7875,86.67479051080302,0.8,88.94358718562889,0.012500000000000067,2.2687966748258646
All9,1.75,16,0.6583333333333333,65.01282850113843,0.65,63.714709529123475,-0.008333333333333304,-1.2981189720149544
All9,1.75,17,0.8041666666666667,89.70763386631646,0.8208333333333333,92.80442440386425,0.016666666666666607,3.0967905375477898
All9,1.75,18,0.7791666666666667,85.18114333870932,0.775,84.4398267773308,-0.004166666666666652,-0.7413165613785253
All9,1.75,19,0.49583333333333335,41.60471724774703,0.49583333333333335,41.60471724774703,0.0,0.0
All9,1.75,20,0.9666666666666667,123.888846542429,0.9666666666666667,123.888846542429,0.0,0.0
All9,1.75,21,0.7791666666666667,85.18114333870932,0.775,84.4398267773308,-0.004166666666666652,-0.7413165613785253
All9,1.75,22,0.9875,129.51253458801116,0.9875,129.51253458801116,0.0,0.0
All9,1.75,23,0.9541666666666667,120.78462245801762,0.9583333333333334,121.80303036656694,0.004166666666666652,1.018407908549321
All9,1.75,24,0.9666666666666667,123.888846542429,0.9666666666666667,123.888846542429,0.0,0.0
All9,1.75,25,0.9833333333333333,128.3233421130615,0.9875,129.51253458801116,0.004166666666666763,1.1891924749496638
All9,1.75,26,0.9833333333333333,128.3233421130615,0.9833333333333333,128.3233421130615,0.0,0.0
All9,1.75,27,0.9875,129.51253458801116,0.9833333333333333,128.3233421130615,-0.004166666666666763,-1.1891924749496638
All9,1.75,28,0.975,126.0535257218193,0.9708333333333333,124.96004607256664,-0.004166666666666652,-1.0934796492526573
All9,1.75,29,0.7291666666666666,76.51398619439158,0.6791666666666667,68.30735164724922,-0.04999999999999993,-8.206634547142357
All9,1.75,30,0.9041666666666667,109.4501350651521,0.9083333333333333,110.34537964679325,0.004166666666666652,0.8952445816411512
All9,1.75,31,0.9958333333333333,132.0743477735836,1.0,133.60488941139823,0.004166666666666652,1.530541637814622
All9,1.75,32,0.9958333333333333,132.0743477735836,0.9958333333333333,132.0743477735836,0.0,0.0
All9,1.75,33,0.575,52.5169177217001,0.5416666666666666,47.81089329848187,-0.033333333333333326,-4.706024423218231
All9,1.75,34,0.9958333333333333,132.0743477735836,0.9958333333333333,132.0743477735836,0.0,0.0
All9,1.75,35,0.8916666666666667,106.80689434079686,0.9166666666666666,112.1588550546914,0.02499999999999991,5.351960713894542
All9,2.0,1,0.9416666666666667,106.65499840695927,0.9583333333333334,110.26865249094509,0.01666666666666672,3.6136540839858213
All9,2.0,2,0.9666666666666667,112.15694819560807,0.9458333333333333,107.5408138193736,-0.02083333333333337,-4.61613437623447
All9,2.0,3,0.9958333333333333,119.56730726472152,0.9958333333333333,119.56730726472152,0.0,0.0
All9,2.0,4,0.9916666666666667,118.37166885004628,0.9916666666666667,118.37166885004628,0.0,0.0
All9,2.0,5,0.9958333333333333,119.56730726472152,0.9958333333333333,119.56730726472152,0.0,0.0
All9,2.0,6,0.9791666666666666,115.13002951229383,0.9833333333333333,116.17151047356704,0.004166666666666652,1.0414809612732085
All9,2.0,7,0.9041666666666667,99.08553894155816,0.8958333333333334,97.48407308347241,-0.008333333333333304,-1.6014658580857457
All9,2.0,8,0.8125,82.60688451648966,0.825,84.72651980749798,0.012499999999999956,2.119635291008322
All9,2.0,9,0.8958333333333334,97.48407308347241,0.9,98.28164271390584,0.004166666666666652,0.7975696304334292
All9,2.0,10,0.975,114.116638816344,0.9875,117.24809002475254,0.012500000000000067,3.1314512084085493
All9,2.0,11,0.5458333333333333,43.80782789517314,0.5541666666666667,44.863683132125274,0.008333333333333415,1.0558552369521337
All9,2.0,12,1.0,120.95291124744006,1.0,120.95291124744006,0.0,0.0
All9,2.0,13,0.9541666666666667,109.3466847252508,0.9375,105.77955430889679,-0.01666666666666672,-3.5671304163540043
All9,2.0,14,0.9708333333333333,113.12670837630087,0.9791666666666666,115.13002951229383,0.008333333333333304,2.0033211359929624
All9,2.0,15,0.8833333333333333,95.12716021626807,0.875,93.58382668931785,-0.008333333333333304,-1.5433335269502209
All9,2.0,16,0.7416666666666667,71.1889000202148,0.7208333333333333,68.00243468797123,-0.02083333333333337,-3.1864653322435714
All9,2.0,17,0.8875,95.90703140001506,0.8833333333333333,95.12716021626807,-0.004166666666666652,-0.7798711837469909
All9,2.0,18,0.7583333333333333,73.7914008869767,0.7875,78.4669505003103,0.029166666666666674,4.675549613333601
All9,2.0,19,0.5708333333333333,47.00307963537638,0.5625,45.92875490560526,-0.008333333333333304,-1.0743247297711207
All9,2.0,20,0.9791666666666666,115.13002951229383,0.975,114.116638816344,-0.004166666666666652,-1.0133906959498375
All9,2.0,21,0.8416666666666667,87.60830308114356,0.825,84.72651980749798,-0.01666666666666672,-2.8817832736455813
All9,2.0,22,0.9916666666666667,118.37166885004628,0.9916666666666667,118.37166885004628,0.0,0.0
All9,2.0,23,0.9708333333333333,113.12670837630087,0.9625,111.20489899973983,-0.008333333333333304,-1.9218093765610433
All9,2.0,24,0.975,114.116638816344,0.9791666666666666,115.13002951229383,0.004166666666666652,1.0133906959498375
All9,2.0,25,0.9916666666666667,118.37166885004628,0.9958333333333333,119.56730726472152,0.004166666666666652,1.1956384146752441
All9,2.0,26,0.975,114.116638816344,0.9791666666666666,115.13002951229383,0.004166666666666652,1.0133906959498375
All9,2.0,27,0.9958333333333333,119.56730726472152,0.9958333333333333,119.56730726472152,0.0,0.0
All9,2.0,28,0.9791666666666666,115.13002951229383,0.975,114.116638816344,-0.004166666666666652,-1.0133906959498375
All9,2.0,29,0.7791666666666667,77.11474718921032,0.7458333333333333,71.83498732935259,-0.033333333333333326,-5.279759859857734
All9,2.0,30,0.9291666666666667,104.0572640236504,0.9375,105.77955430889679,0.008333333333333304,1.7222902852463875
All9,2.0,31,1.0,120.95291124744006,1.0,120.95291124744006,0.0,0.0
All9,2.0,32,0.9958333333333333,119.56730726472152,0.9958333333333333,119.56730726472152,0.0,0.0
All9,2.0,33,0.5583333333333333,45.395064804220155,0.5416666666666666,43.283346584610484,-0.01666666666666672,-2.1117182196096707
All9,2.0,34,0.9916666666666667,118.37166885004628,0.9958333333333333,119.56730726472152,0.004166666666666652,1.1956384146752441
All9,2.0,35,0.95,108.43775060973394,0.9583333333333334,110.26865249094509,0.008333333333333415,1.8309018812111475
All9,2.25,1,0.9791666666666666,105.1706843987736,0.9833333333333333,106.12207185128614,0.004166666666666652,0.9513874525125345
All9,2.25,2,0.9708333333333333,103.34066093890459,0.9666666666666667,102.45479004719907,-0.004166666666666652,-0.8858708917055225
All9,2.25,3,0.9958333333333333,109.22411459476291,0.9958333333333333,109.22411459476291,0.0,0.0
All9,2.25,4,0.9958333333333333,109.22411459476291,0.9958333333333333,109.22411459476291,0.0,0.0
All9,2.25,5,0.9958333333333333,109.22411459476291,0.9958333333333333,109.22411459476291,0.0,0.0
All9,2.25,6,0.9875,107.10552168351096,0.9833333333333333,106.12207185128614,-0.004166666666666763,-0.9834498322248209
All9,2.25,7,0.9458333333333333,98.23797525368383,0.9333333333333333,95.83824107837629,-0.012499999999999956,-2.399734175307543
All9,2.25,8,0.7916666666666666,72.30140691655937,0.7916666666666666,72.30140691655937,0.0,0.0
All9,2.25,9,0.9,89.77977050682055,0.8875,87.61057539655354,-0.012500000000000067,-2.1691951102670117
All9,2.25,10,0.9875,107.10552168351096,0.9916666666666667,108.13190510869279,0.004166666666666652,1.0263834251818338
All9,2.25,11,0.6333333333333333,50.571675523404146,0.6375,51.09822066234618,0.004166666666666652,0.5265451389420335
All9,2.25,12,1.0,110.48985664126012,1.0,110.48985664126012,0.0,0.0
All9,2.25,13,0.9625,101.58509804820523,0.9583333333333334,100.72984172183219,-0.004166666666666652,-0.8552563263730377
All9,2.25,14,0.9875,107.10552168351096,0.9875,107.10552168351096,0.0,0.0
All9,2.25,15,0.9166666666666666,92.75420885145759,0.9208333333333333,93.51413893161542,0.004166666666666652,0.7599300801578295
All9,2.25,16,0.75,66.21382869991697,0.75,66.21382869991697,0.0,0.0
All9,2.25,17,0.9291666666666667,95.05577059599898,0.9208333333333333,93.51413893161542,-0.008333333333333415,-1.5416316643835586
All9,2.25,18,0.7666666666666667,68.61364629068797,0.7666666666666667,68.61364629068797,0.0,0.0
All9,2.25,19,0.65,52.6914033822163,0.6041666666666666,46.948000854551424,-0.04583333333333339,-5.743402527664877
All9,2.25,20,0.9875,107.10552168351096,0.975,104.24495725783672,-0.012500000000000067,-2.860564425674241
All9,2.25,21,0.8708333333333333,84.79062934853724,0.85,81.36908215934169,-0.02083333333333337,-3.4215471891955502
All9,2.25,22,0.9958333333333333,109.22411459476291,0.9958333333333333,109.22411459476291,0.0,0.0
All9,2.25,23,0.9666666666666667,102.45479004719907,0.9666666666666667,102.45479004719907,0.0,0.0
All9,2.25,24,0.9875,107.10552168351096,0.9875,107.10552168351096,0.0,0.0
All9,2.25,25,0.9958333333333333,109.22411459476291,0.9958333333333333,109.22411459476291,0.0,0.0
All9,2.25,26,0.9833333333333333,106.12207185128614,0.9875,107.10552168351096,0.004166666666666763,0.9834498322248209
All9,2.25,27,0.9916666666666667,108.13190510869279,0.9958333333333333,109.22411459476291,0.004166666666666652,1.092209486070118
All9,2.25,28,0.9791666666666666,105.1706843987736,0.9833333333333333,106.12207185128614,0.004166666666666652,0.9513874525125345
All9,2.25,29,0.8291666666666667,78.04977859265553,0.8125,75.46096025035733,-0.01666666666666672,-2.5888183422981967
All9,2.25,30,0.9458333333333333,98.23797525368383,0.9416666666666667,97.42878747210119,-0.004166666666666652,-0.8091877815826365
All9,2.25,31,1.0,110.48985664126012,1.0,110.48985664126012,0.0,0.0
All9,2.25,32,1.0,110.48985664126012,0.9958333333333333,109.22411459476291,-0.004166666666666652,-1.2657420464972091
All9,2.25,33,0.6,46.439099229504386,0.575,43.43094579753053,-0.025000000000000022,-3.0081534319738523
All9,2.25,34,0.9916666666666667,108.13190510869279,0.9958333333333333,109.22411459476291,0.004166666666666652,1.092209486070118
All9,2.25,35,0.975,104.24495725783672,0.975,104.24495725783672,0.0,0.0
All9,2.5,1,0.9875,98.57801199533333,0.9916666666666667,99.52267699494335,0.004166666666666652,0.9446649996100263
All9,2.5,2,0.9875,98.57801199533333,0.9833333333333333,97.67286230898628,-0.004166666666666763,-0.9051496863470447
All9,2.5,3,0.9958333333333333,100.527927127027,0.9958333333333333,100.527927127027,0.0,0.0
All9,2.5,4,0.9958333333333333,100.527927127027,0.9958333333333333,100.527927127027,0.0,0.0
All9,2.5,5,1.0,101.69289353287952,1.0,101.69289353287952,0.0,0.0
All9,2.5,6,0.9916666666666667,99.52267699494335,0.9875,98.57801199533333,-0.004166666666666652,-0.9446649996100263
All9,2.5,7,0.95,91.17059286933043,0.95,91.17059286933043,0.0,0.0
All9,2.5,8,0.8333333333333334,72.4395917852605,0.8291666666666667,71.83562424610652,-0.004166666666666652,-0.6039675391539845
All9,2.5,9,0.9166666666666666,85.36931961169185,0.8958333333333334,81.96113150967106,-0.02083333333333326,-3.4081881020207874
All9,2.5,10,0.9875,98.57801199533333,0.9916666666666667,99.52267699494335,0.004166666666666652,0.9446649996100263
All9,2.5,11,0.7541666666666667,61.49031165513207,0.7458333333333333,60.396295079455676,-0.008333333333333304,-1.0940165756763918
All9,2.5,12,1.0,101.69289353287952,1.0,101.69289353287952,0.0,0.0
All9,2.5,13,0.975,95.94519951437837,0.975,95.94519951437837,0.0,0.0
All9,2.5,14,0.9916666666666667,99.52267699494335,0.9916666666666667,99.52267699494335,0.0,0.0
All9,2.5,15,0.95,91.17059286933043,0.95,91.17059286933043,0.0,0.0
All9,2.5,16,0.8,67.69909980052644,0.8041666666666667,68.28065125493514,0.004166666666666652,0.5815514544086966
All9,2.5,17,0.9541666666666667,91.9347922530771,0.95,91.17059286933043,-0.004166666666666763,-0.7641993837466714
All9,2.5,18,0.7916666666666666,66.54492547415815,0.8166666666666667,70.04374385856731,0.025000000000000022,3.4988183844091623
All9,2.5,19,0.7291666666666666,58.23835254923435,0.6791666666666667,51.99190141303364,-0.04999999999999993,-6.246451136200712
All9,2.5,20,0.9875,98.57801199533333,0.9875,98.57801199533333,0.0,0.0
All9,2.5,21,0.8666666666666667,77.40187820037245,0.8708333333333333,78.03978306282566,0.004166666666666652,0.6379048624532118
All9,2.5,22,1.0,101.69289353287952,1.0,101.69289353287952,0.0,0.0
All9,2.5,23,0.9791666666666666,96.79722226511328,0.975,95.94519951437837,-0.004166666666666652,-0.8520227507349034
All9,2.5,24,0.9958333333333333,100.527927127027,0.9916666666666667,99.52267699494335,-0.004166666666666652,-1.0052501320836456
All9,2.5,25,0.9958333333333333,100.527927127027,1.0,101.69289353287952,0.004166666666666652,1.1649664058525246
All9,2.5,26,0.9875,98.57801199533333,0.9875,98.57801199533333,0.0,0.0
All9,2.5,27,0.9958333333333333,100.527927127027,0.9916666666666667,99.52267699494335,-0.004166666666666652,-1.0052501320836456
All9,2.5,28,0.9791666666666666,96.79722226511328,0.9791666666666666,96.79722226511328,0.0,0.0
All9,2.5,29,0.8666666666666667,77.40187820037245,0.8291666666666667,71.83562424610652,-0.03749999999999998,-5.566253954265932
All9,2.5,30,0.9583333333333334,92.7099498649984,0.9541666666666667,91.9347922530771,-0.004166666666666652,-0.7751576119213013
All9,2.5,31,1.0,101.69289353287952,1.0,101.69289353287952,0.0,0.0
All9,2.5,32,1.0,101.69289353287952,1.0,101.69289353287952,0.0,0.0
All9,2.5,33,0.675,51.48604301705667,0.6791666666666667,51.99190141303364,0.004166666666666652,0.5058583959769649
All9,2.5,34,0.9916666666666667,99.52267699494335,0.9958333333333333,100.527927127027,0.004166666666666652,1.0052501320836456
All9,2.5,35,0.9791666666666666,96.79722226511328,0.9833333333333333,97.67286230898628,0.004166666666666652,0.8756400438730054
All9,2.75,1,0.9875,91.30824709892232,0.9916666666666667,92.18324653808914,0.004166666666666652,0.8749994391668139
All9,2.75,2,0.9958333333333333,93.11436317960614,1.0,94.19341760862588,0.004166666666666652,1.0790544290197346
All9,2.75,3,0.9958333333333333,93.11436317960614,1.0,94.19341760862588,0.004166666666666652,1.0790544290197346
All9,2.75,4,0.9958333333333333,93.11436317960614,1.0,94.19341760862588,0.004166666666666652,1.0790544290197346
All9,2.75,5,1.0,94.19341760862588,1.0,94.19341760862588,0.0,0.0
All9,2.75,6,0.9916666666666667,92.18324653808914,1.0,94.19341760862588,0.008333333333333304,2.0101710705367424
All9,2.75,7,0.9666666666666667,87.34346408153549,0.9708333333333333,88.09867554968562,0.004166666666666652,0.7552114681501365
All9,2.75,8,0.8416666666666667,68.22593514283746,0.8583333333333333,70.52346383391303,0.016666666666666607,2.29752869107557
All9,2.75,9,0.9291666666666667,81.0357454343472,0.925,80.37542273179109,-0.004166666666666652,-0.6603227025561154
All9,2.75,10,0.9916666666666667,92.18324653808914,0.9916666666666667,92.18324653808914,0.0,0.0
All9,2.75,11,0.8291666666666667,66.53801183857654,0.8166666666666667,64.87827602238978,-0.012500000000000067,-1.6597358161867533
All9,2.75,12,1.0,94.19341760862588,1.0,94.19341760862588,0.0,0.0
All9,2.75,13,0.9875,91.30824709892232,0.9833333333333333,90.46984886437079,-0.004166666666666763,-0.8383982345515335
All9,2.75,14,0.9958333333333333,93.11436317960614,0.9916666666666667,92.18324653808914,-0.004166666666666652,-0.9311166415170078
All9,2.75,15,0.9583333333333334,85.87293291330236,0.9583333333333334,85.87293291330236,0.0,0.0
All9,2.75,16,0.85,69.36774260781637,0.8333333333333334,67.09743899873688,-0.016666666666666607,-2.270303609079491
All9,2.75,17,0.9666666666666667,87.34346408153549,0.9625,86.60204523873543,-0.004166666666666652,-0.7414188428000585
All9,2.75,18,0.8041666666666667,63.24520499719656,0.8291666666666667,66.53801183857654,0.025000000000000022,3.292806841379978
All9,2.75,19,0.8125,64.33102511018664,0.7791666666666667,60.053962412836356,-0.033333333333333326,-4.2770626973502885
All9,2.75,20,0.9958333333333333,93.11436317960614,0.9875,91.30824709892232,-0.008333333333333304,-1.8061160806838217
All9,2.75,21,0.8708333333333333,72.28463681925446,0.8625,71.10675020248213,-0.008333333333333304,-1.1778866167723265
All9,2.75,22,1.0,94.19341760862588,1.0,94.19341760862588,0.0,0.0
All9,2.75,23,0.9833333333333333,90.46984886437079,0.9833333333333333,90.46984886437079,0.0,0.0
All9,2.75,24,1.0,94.19341760862588,1.0,94.19341760862588,0.0,0.0
All9,2.75,25,0.9875,91.30824709892232,0.9958333333333333,93.11436317960614,0.008333333333333304,1.8061160806838217
All9,2.75,26,0.9875,91.30824709892232,0.9875,91.30824709892232,0.0,0.0
All9,2.75,27,0.9958333333333333,93.11436317960614,0.9916666666666667,92.18324653808914,-0.004166666666666652,-0.9311166415170078
All9,2.75,28,0.9875,91.30824709892232,0.9833333333333333,90.46984886437079,-0.004166666666666763,-0.8383982345515335
All9,2.75,29,0.8875,74.68866162125066,0.8708333333333333,72.28463681925446,-0.016666666666666607,-2.4040248019962007
All9,2.75,30,0.9541666666666667,85.15494031700948,0.9625,86.60204523873543,0.008333333333333304,1.447104921725952
All9,2.75,31,1.0,94.19341760862588,1.0,94.19341760862588,0.0,0.0
All9,2.75,32,1.0,94.19341760862588,1.0,94.19341760862588,0.0,0.0
All9,2.75,33,0.6791666666666667,48.15769039437334,0.6791666666666667,48.15769039437334,0.0,0.0
All9,2.75,34,0.9958333333333333,93.11436317960614,1.0,94.19341760862588,0.004166666666666652,1.0790544290197346
All9,2.75,35,0.9791666666666666,89.65878404497218,0.9916666666666667,92.18324653808914,0.012500000000000067,2.524462493116957
All9,3.0,1,0.9916666666666667,85.85197960552806,1.0,87.7240894761653,0.008333333333333304,1.8721098706372459
All9,3.0,2,0.9958333333333333,86.71914592825956,0.9958333333333333,86.71914592825956,0.0,0.0
All9,3.0,3,0.9916666666666667,85.85197960552806,0.9958333333333333,86.71914592825956,0.004166666666666652,0.8671663227315065
All9,3.0,4,0.9958333333333333,86.71914592825956,0.9958333333333333,86.71914592825956,0.0,0.0
All9,3.0,5,1.0,87.7240894761653,1.0,87.7240894761653,0.0,0.0
All9,3.0,6,1.0,87.7240894761653,1.0,87.7240894761653,0.0,0.0
All9,3.0,7,0.9666666666666667,81.34459979022124,0.975,82.76591386679893,0.008333333333333304,1.421314076577687
All9,3.0,8,0.8541666666666666,65.13998957132102,0.8541666666666666,65.13998957132102,0.0,0.0
All9,3.0,9,0.95,78.64715978288395,0.9375,76.71923719106799,-0.012499999999999956,-1.9279225918159568
All9,3.0,10,0.9958333333333333,86.71914592825956,0.9958333333333333,86.71914592825956,0.0,0.0
All9,3.0,11,0.9083333333333333,72.45204872413073,0.8833333333333333,68.9933249920186,-0.025000000000000022,-3.4587237321121336
All9,3.0,12,1.0,87.7240894761653,1.0,87.7240894761653,0.0,0.0
All9,3.0,13,0.9875,85.03707628168864,0.9875,85.03707628168864,0.0,0.0
All9,3.0,14,0.9916666666666667,85.85197960552806,0.9916666666666667,85.85197960552806,0.0,0.0
All9,3.0,15,0.975,82.76591386679893,0.975,82.76591386679893,0.0,0.0
All9,3.0,16,0.8708333333333333,67.32003264210786,0.8833333333333333,68.9933249920186,0.012499999999999956,1.6732923499107386
All9,3.0,17,0.975,82.76591386679893,0.975,82.76591386679893,0.0,0.0
All9,3.0,18,0.8125,59.912685473497994,0.8041666666666667,58.901440917718766,-0.008333333333333304,-1.0112445557792284
All9,3.0,19,0.85,64.60347457156523,0.8125,59.912685473497994,-0.03749999999999998,-4.690789098067235
All9,3.0,20,0.9958333333333333,86.71914592825956,0.9916666666666667,85.85197960552806,-0.004166666666666652,-0.8671663227315065
All9,3.0,21,0.8916666666666667,70.12870260288585,0.8875,69.55894585056036,-0.004166666666666763,-0.569756752325489
All9,3.0,22,1.0,87.7240894761653,1.0,87.7240894761653,0.0,0.0
All9,3.0,23,0.9833333333333333,84.2562603434662,0.9833333333333333,84.2562603434662,0.0,0.0
All9,3.0,24,1.0,87.7240894761653,1.0,87.7240894761653,0.0,0.0
All9,3.0,25,0.9875,85.03707628168864,0.9875,85.03707628168864,0.0,0.0
All9,3.0,26,0.9875,85.03707628168864,0.9916666666666667,85.85197960552806,0.004166666666666652,0.8149033238394168
All9,3.0,27,0.9958333333333333,86.71914592825956,0.9916666666666667,85.85197960552806,-0.004166666666666652,-0.8671663227315065
All9,3.0,28,0.9916666666666667,85.85197960552806,0.9916666666666667,85.85197960552806,0.0,0.0
All9,3.0,29,0.9208333333333333,74.24611580010125,0.8958333333333334,70.70273432427669,-0.02499999999999991,-3.5433814758245603
All9,3.0,30,0.9791666666666666,83.50090052539991,0.9708333333333333,82.04794233885556,-0.008333333333333304,-1.4529581865443504
All9,3.0,31,1.0,87.7240894761653,1.0,87.7240894761653,0.0,0.0
All9,3.0,32,1.0,87.7240894761653,1.0,87.7240894761653,0.0,0.0
All9,3.0,33,0.7166666666666667,48.86446840371384,0.7291666666666666,50.23857884741644,0.012499999999999956,1.3741104437025982
All9,3.0,34,1.0,87.7240894761653,1.0,87.7240894761653,0.0,0.0
All9,3.0,35,0.9875,85.03707628168864,0.9958333333333333,86.71914592825956,0.008333333333333304,1.6820696465709233
All9,3.25,1,0.9958333333333333,81.1459360356979,0.9958333333333333,81.1459360356979,0.0,0.0
All9,3.25,2,0.9958333333333333,81.1459360356979,0.9916666666666667,80.33450019643243,-0.004166666666666652,-0.8114358392654708
All9,3.25,3,0.9958333333333333,81.1459360356979,0.9958333333333333,81.1459360356979,0.0,0.0
All9,3.25,4,1.0,82.08629452268426,0.9958333333333333,81.1459360356979,-0.004166666666666652,-0.940358486986355
All9,3.25,5,1.0,82.08629452268426,1.0,82.08629452268426,0.0,0.0
All9,3.25,6,1.0,82.08629452268426,1.0,82.08629452268426,0.0,0.0
All9,3.25,7,0.975,77.44676773140054,0.9791666666666666,78.13451874356188,0.004166666666666652,0.6877510121613426
All9,3.25,8,0.8916666666666667,65.62171657442275,0.8958333333333334,66.15885679700955,0.004166666666666652,0.5371402225867996
All9,3.25,9,0.9583333333333334,74.83528086789075,0.9625,75.47067695612162,0.004166666666666652,0.6353960882308769
All9,3.25,10,1.0,82.08629452268426,1.0,82.08629452268426,0.0,0.0
All9,3.25,11,0.9083333333333333,67.79574739224573,0.9166666666666666,68.90993922383353,0.008333333333333304,1.114191831587803
All9,3.25,12,1.0,82.08629452268426,1.0,82.08629452268426,0.0,0.0
All9,3.25,13,0.9916666666666667,80.33450019643243,0.9833333333333333,78.84133358617403,-0.008333333333333415,-1.493166610258399
All9,3.25,14,0.9958333333333333,81.1459360356979,0.9958333333333333,81.1459360356979,0.0,0.0
All9,3.25,15,0.9791666666666666,78.13451874356188,0.9791666666666666,78.13451874356188,0.0,0.0
All9,3.25,16,0.8916666666666667,65.62171657442275,0.8958333333333334,66.15885679700955,0.004166666666666652,0.5371402225867996
All9,3.25,17,0.9875,79.571968551503,0.9875,79.571968551503,0.0,0.0
All9,3.25,18,0.8583333333333333,61.45875125885994,0.8458333333333333,59.95257605693325,-0.012499999999999956,-1.5061752019266876
All9,3.25,19,0.8916666666666667,65.62171657442275,0.8458333333333333,59.95257605693325,-0.04583333333333339,-5.669140517489495
All9,3.25,20,0.9958333333333333,81.1459360356979,0.9958333333333333,81.1459360356979,0.0,0.0
All9,3.25,21,0.9166666666666666,68.90993922383353,0.9166666666666666,68.90993922383353,0.0,0.0
All9,3.25,22,1.0,82.08629452268426,1.0,82.08629452268426,0.0,0.0
All9,3.25,23,0.9833333333333333,78.84133358617403,0.9833333333333333,78.84133358617403,0.0,0.0
All9,3.25,24,1.0,82.08629452268426,0.9958333333333333,81.1459360356979,-0.004166666666666652,-0.940358486986355
All9,3.25,25,0.9916666666666667,80.33450019643243,0.9916666666666667,80.33450019643243,0.0,0.0
All9,3.25,26,0.9916666666666667,80.33450019643243,0.9916666666666667,80.33450019643243,0.0,0.0
All9,3.25,27,0.9958333333333333,81.1459360356979,0.9958333333333333,81.1459360356979,0.0,0.0
All9,3.25,28,0.9916666666666667,80.33450019643243,0.9916666666666667,80.33450019643243,0.0,0.0
All9,3.25,29,0.9541666666666667,74.20957523770234,0.925,70.04439153233209,-0.029166666666666674,-4.165183705370254
All9,3.25,30,0.9708333333333333,76.77493833250239,0.9791666666666666,78.13451874356188,0.008333333333333304,1.359580411059497
All9,3.25,31,1.0,82.08629452268426,1.0,82.08629452268426,0.0,0.0
All9,3.25,32,1.0,82.08629452268426,1.0,82.08629452268426,0.0,0.0
All9,3.25,33,0.7666666666666667,50.97517680722062,0.75,49.19227890559385,-0.01666666666666672,-1.782897901626768
All9,3.25,34,1.0,82.08629452268426,1.0,82.08629452268426,0.0,0.0
All9,3.25,35,0.9958333333333333,81.1459360356979,0.9958333333333333,81.1459360356979,0.0,0.0
All9,3.5,1,0.9916666666666667,75.48338303481212,0.9916666666666667,75.48338303481212,0.0,0.0
All9,3.5,2,0.9958333333333333,76.24581912532967,0.9958333333333333,76.24581912532967,0.0,0.0
All9,3.5,3,1.0,77.129392679527,1.0,77.129392679527,0.0,0.0
All9,3.5,4,0.9958333333333333,76.24581912532967,0.9958333333333333,76.24581912532967,0.0,0.0
All9,3.5,5,1.0,77.129392679527,1.0,77.129392679527,0.0,0.0
All9,3.5,6,1.0,77.129392679527,1.0,77.129392679527,0.0,0.0
All9,3.5,7,0.9875,74.76689798679872,0.9916666666666667,75.48338303481212,0.004166666666666652,0.7164850480133964
All9,3.5,8,0.9041666666666667,63.184981354037085,0.9083333333333333,63.70180129368016,0.004166666666666652,0.5168199396430779
All9,3.5,9,0.9666666666666667,71.52037276241674,0.9666666666666667,71.52037276241674,0.0,0.0
All9,3.5,10,1.0,77.129392679527,0.9958333333333333,76.24581912532967,-0.004166666666666652,-0.8835735541973264
All9,3.5,11,0.9083333333333333,63.70180129368016,0.8916666666666667,61.65905253007356,-0.016666666666666607,-2.0427487636066033
All9,3.5,12,1.0,77.129392679527,1.0,77.129392679527,0.0,0.0
All9,3.5,13,0.9916666666666667,75.48338303481212,0.9875,74.76689798679872,-0.004166666666666652,-0.7164850480133964
All9,3.5,14,0.9958333333333333,76.24581912532967,0.9958333333333333,76.24581912532967,0.0,0.0
All9,3.5,15,0.9833333333333333,74.08038349039057,0.9833333333333333,74.08038349039057,0.0,0.0
All9,3.5,16,0.9083333333333333,63.70180129368016,0.9208333333333333,65.2791936020214,0.012499999999999956,1.5773923083412313
All9,3.5,17,0.9916666666666667,75.48338303481212,0.9958333333333333,76.24581912532967,0.004166666666666652,0.7624360905175536
All9,3.5,18,0.875,59.676643106231666,0.875,59.676643106231666,0.0,0.0
All9,3.5,19,0.925,65.8146577441478,0.8916666666666667,61.65905253007356,-0.033333333333333326,-4.155605214074235
All9,3.5,20,1.0,77.129392679527,0.9958333333333333,76.24581912532967,-0.004166666666666652,-0.8835735541973264
All9,3.5,21,0.9291666666666667,66.35535676870461,0.9291666666666667,66.35535676870461,0.0,0.0
All9,3.5,22,1.0,77.129392679527,1.0,77.129392679527,0.0,0.0
All9,3.5,23,0.9833333333333333,74.08038349039057,0.9875,74.76689798679872,0.004166666666666763,0.6865144964081509
All9,3.5,24,0.9958333333333333,76.24581912532967,0.9958333333333333,76.24581912532967,0.0,0.0
All9,3.5,25,0.9958333333333333,76.24581912532967,0.9958333333333333,76.24581912532967,0.0,0.0
All9,3.5,26,0.9958333333333333,76.24581912532967,0.9958333333333333,76.24581912532967,0.0,0.0
All9,3.5,27,1.0,77.129392679527,0.9958333333333333,76.24581912532967,-0.004166666666666652,-0.8835735541973264
All9,3.5,28,0.9958333333333333,76.24581912532967,0.9958333333333333,76.24581912532967,0.0,0.0
All9,3.5,29,0.975,72.77003054955269,0.9541666666666667,69.72832069436284,-0.02083333333333326,-3.0417098551898505
All9,3.5,30,0.9791666666666666,73.41625070349173,0.9875,74.76689798679872,0.008333333333333415,1.3506472833069978
All9,3.5,31,1.0,77.129392679527,1.0,77.129392679527,0.0,0.0
All9,3.5,32,1.0,77.129392679527,1.0,77.129392679527,0.0,0.0
All9,3.5,33,0.7875,50.036895971212374,0.75,46.22173066250244,-0.03749999999999998,-3.815165308709936
All9,3.5,34,1.0,77.129392679527,1.0,77.129392679527,0.0,0.0
All9,3.5,35,0.9958333333333333,76.24581912532967,0.9958333333333333,76.24581912532967,0.0,0.0
